{"cameraMode":{"drawMode":0,"name":"Shaded","section":"Shading Mode"},"sceneLighting":true,"audioPlay":false,"sceneViewState":{"showFog":true,"showMaterialUpdate":false,"showSkybox":true,"showFlares":true,"showImageEffects":true,"showParticleSystems":true},"in2DMode":false,"pivot":{"x":-0.04195310175418854,"y":0.020501118153333665,"z":0.012458794750273228},"rotation":{"x":0.6577455997467041,"y":0.010168066248297692,"z":-0.008880676701664925,"w":0.7531238794326782},"size":1.5954700708389283,"orthographic":true}