{"cameraMode":{"drawMode":0,"name":"Shaded","section":"Shading Mode"},"sceneLighting":false,"audioPlay":false,"sceneViewState":{"showFog":true,"showMaterialUpdate":false,"showSkybox":false,"showFlares":true,"showImageEffects":true,"showParticleSystems":true},"in2DMode":false,"pivot":{"x":0.0,"y":-0.05079999566078186,"z":-4.743000030517578},"rotation":{"x":0.22693368792533875,"y":-0.6664878726005554,"z":0.2244962751865387,"w":0.6737236976623535},"size":0.18665102124214173,"orthographic":true}