{"cameraMode":{"drawMode":0,"name":"Shaded","section":"Shading Mode"},"sceneLighting":true,"audioPlay":false,"sceneViewState":{"showFog":true,"showMaterialUpdate":false,"showSkybox":true,"showFlares":true,"showImageEffects":true,"showParticleSystems":true},"in2DMode":false,"pivot":{"x":0.41000017523765566,"y":-0.08000004291534424,"z":0.0},"rotation":{"x":-0.06326321512460709,"y":-0.01137971505522728,"z":0.0007214221986941993,"w":-0.997931718826294},"size":0.780016303062439,"orthographic":false}