{"cameraMode":{"drawMode":0,"name":"Shaded","section":"Shading Mode"},"sceneLighting":false,"audioPlay":false,"sceneViewState":{"showFog":true,"showMaterialUpdate":false,"showSkybox":false,"showFlares":true,"showImageEffects":true,"showParticleSystems":true},"in2DMode":false,"pivot":{"x":2.136091709136963,"y":30.718238830566408,"z":-12.707185745239258},"rotation":{"x":-0.024410748854279519,"y":0.9614663124084473,"z":-0.2583457827568054,"w":-0.0908423513174057},"size":2.2138936519622804,"orthographic":false}