{"cameraMode":{"drawMode":0,"name":"Shaded","section":"Shading Mode"},"sceneLighting":false,"audioPlay":false,"sceneViewState":{"showFog":true,"showMaterialUpdate":false,"showSkybox":false,"showFlares":true,"showImageEffects":true,"showParticleSystems":true},"in2DMode":false,"pivot":{"x":2.136091709136963,"y":30.718238830566408,"z":-12.707185745239258},"rotation":{"x":0.21622227132320405,"y":-0.09502095729112625,"z":0.021147938445210458,"w":0.9714813828468323},"size":2.2138936519622804,"orthographic":false}