{"cameraMode":{"drawMode":0,"name":"Shaded","section":"Shading Mode"},"sceneLighting":true,"audioPlay":false,"sceneViewState":{"showFog":true,"showMaterialUpdate":false,"showSkybox":true,"showFlares":true,"showImageEffects":true,"showParticleSystems":true},"in2DMode":false,"pivot":{"x":-0.4048447608947754,"y":29.170085906982423,"z":-50.520755767822269},"rotation":{"x":-0.36513543128967287,"y":-0.012011493556201458,"z":0.004711823537945747,"w":-0.9308690428733826},"size":2.8157525062561037,"orthographic":false}