{"cameraMode":{"drawMode":0,"name":"Shaded","section":"Shading Mode"},"sceneLighting":false,"audioPlay":false,"sceneViewState":{"showFog":true,"showMaterialUpdate":false,"showSkybox":false,"showFlares":true,"showImageEffects":true,"showParticleSystems":true},"in2DMode":false,"pivot":{"x":0.0,"y":-0.36250001192092898,"z":0.13281530141830445},"rotation":{"x":-0.055639877915382388,"y":0.9440121054649353,"z":-0.21636874973773957,"w":-0.24275504052639008},"size":2.393965482711792,"orthographic":false}