{"cameraMode":{"drawMode":0,"name":"Shaded","section":"Shading Mode"},"sceneLighting":true,"audioPlay":false,"sceneViewState":{"showFog":true,"showMaterialUpdate":false,"showSkybox":true,"showFlares":true,"showImageEffects":true,"showParticleSystems":true},"in2DMode":false,"pivot":{"x":-1.1920928955078126e-7,"y":0.10000000149011612,"z":0.0},"rotation":{"x":0.25000983476638796,"y":0.30818066000938418,"z":-0.08429726958274842,"w":0.9140097498893738},"size":5.8336310386657719,"orthographic":false}