{"cameraMode":{"drawMode":0,"name":"Shaded","section":"Shading Mode"},"sceneLighting":true,"audioPlay":false,"sceneViewState":{"showFog":true,"showMaterialUpdate":false,"showSkybox":true,"showFlares":true,"showImageEffects":true,"showParticleSystems":true},"in2DMode":false,"pivot":{"x":29.299999237060548,"y":0.05000000074505806,"z":0.0},"rotation":{"x":-0.05324592441320419,"y":0.8423123955726624,"z":-0.5296259522438049,"w":-0.08468266576528549},"size":37.090087890625,"orthographic":false}