{"cameraMode":{"drawMode":0,"name":"Shaded","section":"Shading Mode"},"sceneLighting":true,"audioPlay":false,"sceneViewState":{"showFog":true,"showMaterialUpdate":false,"showSkybox":true,"showFlares":true,"showImageEffects":true,"showParticleSystems":true},"in2DMode":false,"pivot":{"x":1.7881393432617188e-7,"y":0.6049057245254517,"z":-0.0738823413848877},"rotation":{"x":-0.3319617211818695,"y":-0.1798599660396576,"z":0.06463876366615296,"w":-0.9237281680107117},"size":12.599957466125489,"orthographic":false}