{"cameraMode":{"drawMode":0,"name":"Shaded","section":"Shading Mode"},"sceneLighting":true,"audioPlay":false,"sceneViewState":{"showFog":false,"showMaterialUpdate":false,"showSkybox":false,"showFlares":false,"showImageEffects":false,"showParticleSystems":false},"in2DMode":false,"pivot":{"x":1.7881393432617188e-7,"y":1.2108304500579835,"z":-0.0738823413848877},"rotation":{"x":0.08929875493049622,"y":0.6711474657058716,"z":-0.08194808661937714,"w":0.731348991394043},"size":6.335539817810059,"orthographic":false}