{"cameraMode":{"drawMode":0,"name":"Shaded","section":"Shading Mode"},"sceneLighting":false,"audioPlay":false,"sceneViewState":{"showFog":true,"showMaterialUpdate":false,"showSkybox":false,"showFlares":true,"showImageEffects":true,"showParticleSystems":true},"in2DMode":false,"pivot":{"x":-0.43199998140335085,"y":4.200000286102295,"z":0.0},"rotation":{"x":-0.0010099681094288827,"y":0.998504102230072,"z":0.05096844956278801,"w":0.01976890303194523},"size":1.932098388671875,"orthographic":false}