{"cameraMode":{"drawMode":0,"name":"Shaded","section":"Shading Mode"},"sceneLighting":true,"audioPlay":false,"sceneViewState":{"showFog":true,"showMaterialUpdate":false,"showSkybox":true,"showFlares":true,"showImageEffects":true,"showParticleSystems":true},"in2DMode":false,"pivot":{"x":-31.940895080566408,"y":28.35602569580078,"z":-35.627288818359378},"rotation":{"x":-0.10893619060516358,"y":-0.07894066721200943,"z":0.008678705431520939,"w":-0.9908713102340698},"size":91.11819458007813,"orthographic":false}