{"cameraMode":{"drawMode":0,"name":"Shaded","section":"Shading Mode"},"sceneLighting":false,"audioPlay":false,"sceneViewState":{"showFog":true,"showMaterialUpdate":false,"showSkybox":false,"showFlares":true,"showImageEffects":true,"showParticleSystems":true},"in2DMode":false,"pivot":{"x":0.000002384185791015625,"y":3.2417869567871095,"z":-1.1920928955078126e-7},"rotation":{"x":0.0010142438113689423,"y":0.9982430338859558,"z":-0.05635669082403183,"w":0.018271589651703836},"size":10.002006530761719,"orthographic":false}