{"cameraMode":{"drawMode":0,"name":"Shaded","section":"Shading Mode"},"sceneLighting":true,"audioPlay":false,"sceneViewState":{"showFog":true,"showMaterialUpdate":false,"showSkybox":true,"showFlares":true,"showImageEffects":true,"showParticleSystems":true},"in2DMode":false,"pivot":{"x":-0.8470858335494995,"y":1.3703292608261109,"z":0.0},"rotation":{"x":0.28933218121528628,"y":-0.32921940088272097,"z":0.10673005878925324,"w":0.8924741744995117},"size":6.919625282287598,"orthographic":true}