{"cameraMode":{"drawMode":0,"name":"Shaded","section":"Shading Mode"},"sceneLighting":false,"audioPlay":false,"sceneViewState":{"showFog":true,"showMaterialUpdate":false,"showSkybox":false,"showFlares":true,"showImageEffects":true,"showParticleSystems":true},"in2DMode":false,"pivot":{"x":-0.1432856023311615,"y":1.6618525981903077,"z":-5.960464477539063e-8},"rotation":{"x":0.019061675295233728,"y":-0.978216826915741,"z":0.10457596182823181,"w":0.17830424010753632},"size":6.024709224700928,"orthographic":true}