{"cameraMode":{"drawMode":0,"name":"Shaded","section":"Shading Mode"},"sceneLighting":false,"audioPlay":false,"sceneViewState":{"showFog":true,"showMaterialUpdate":false,"showSkybox":false,"showFlares":true,"showImageEffects":true,"showParticleSystems":true},"in2DMode":false,"pivot":{"x":-0.3916245698928833,"y":1.721356987953186,"z":-1.1920928955078126e-7},"rotation":{"x":0.19008241593837739,"y":-0.4726794362068176,"z":0.10520398616790772,"w":0.8540345430374146},"size":7.249473571777344,"orthographic":true}