{"cameraMode":{"drawMode":0,"name":"Shaded","section":"Shading Mode"},"sceneLighting":true,"audioPlay":false,"sceneViewState":{"showFog":true,"showMaterialUpdate":false,"showSkybox":true,"showFlares":true,"showImageEffects":true,"showParticleSystems":true},"in2DMode":false,"pivot":{"x":0.0000016093254089355469,"y":1.4945247173309327,"z":-1.1920928955078126e-7},"rotation":{"x":0.0020329265389591457,"y":0.990866482257843,"z":-0.1339760720729828,"w":0.015164676122367382},"size":18.218290328979493,"orthographic":false}