{"cameraMode":{"drawMode":0,"name":"Shaded","section":"Shading Mode"},"sceneLighting":false,"audioPlay":false,"sceneViewState":{"showFog":true,"showMaterialUpdate":false,"showSkybox":false,"showFlares":true,"showImageEffects":true,"showParticleSystems":true},"in2DMode":false,"pivot":{"x":-39.73683166503906,"y":1.4774994850158692,"z":-38.40071487426758},"rotation":{"x":-0.13543139398097993,"y":0.02585582621395588,"z":-0.003518806304782629,"w":-0.9904430508613586},"size":26.284215927124025,"orthographic":false}