{"cameraMode":{"drawMode":0,"name":"Shaded","section":"Shading Mode"},"sceneLighting":false,"audioPlay":false,"sceneViewState":{"showFog":true,"showMaterialUpdate":false,"showSkybox":false,"showFlares":true,"showImageEffects":true,"showParticleSystems":true},"in2DMode":false,"pivot":{"x":-1.0165032148361207,"y":1.5363950729370118,"z":0.0},"rotation":{"x":0.06449812650680542,"y":-0.9345946311950684,"z":0.26773518323898318,"w":0.22514620423316956},"size":7.606597900390625,"orthographic":true}