{"cameraMode":{"drawMode":0,"name":"Shaded","section":"Shading Mode"},"sceneLighting":false,"audioPlay":false,"sceneViewState":{"showFog":true,"showMaterialUpdate":false,"showSkybox":false,"showFlares":true,"showImageEffects":true,"showParticleSystems":true},"in2DMode":false,"pivot":{"x":-4.656612873077393e-10,"y":0.008962534368038178,"z":0.0007764715701341629},"rotation":{"x":-0.03681333735585213,"y":0.9484145641326904,"z":-0.2911912798881531,"w":-0.11984243243932724},"size":0.037254154682159427,"orthographic":false}