{"cameraMode":{"drawMode":0,"name":"Shaded","section":"Shading Mode"},"sceneLighting":false,"audioPlay":false,"sceneViewState":{"showFog":true,"showMaterialUpdate":false,"showSkybox":false,"showFlares":true,"showImageEffects":true,"showParticleSystems":true},"in2DMode":false,"pivot":{"x":-0.17194271087646485,"y":1.9942231178283692,"z":-1.1920928955078126e-7},"rotation":{"x":0.004127169493585825,"y":-0.9881775379180908,"z":0.15086495876312257,"w":0.02697787806391716},"size":7.229650974273682,"orthographic":true}