{"cameraMode":{"drawMode":0,"name":"Shaded","section":"Shading Mode"},"sceneLighting":true,"audioPlay":false,"sceneViewState":{"showFog":true,"showMaterialUpdate":false,"showSkybox":true,"showFlares":true,"showImageEffects":true,"showParticleSystems":true},"in2DMode":false,"pivot":{"x":-71.52633666992188,"y":1.652405023574829,"z":-66.09245300292969},"rotation":{"x":-0.30252209305763247,"y":0.5188989639282227,"z":-0.20299381017684937,"w":-0.7733161449432373},"size":142.5008544921875,"orthographic":true}