{"cameraMode":{"drawMode":0,"name":"Shaded","section":"Shading Mode"},"sceneLighting":true,"audioPlay":false,"sceneViewState":{"showFog":true,"showMaterialUpdate":false,"showSkybox":true,"showFlares":true,"showImageEffects":true,"showParticleSystems":true},"in2DMode":false,"pivot":{"x":-81.17276000976563,"y":12.617021560668946,"z":-65.53974914550781},"rotation":{"x":0.30885273218154909,"y":-0.07493764907121659,"z":0.024418724700808526,"w":0.9478386044502258},"size":42.87767028808594,"orthographic":true}