{"cameraMode":{"drawMode":0,"name":"Shaded","section":"Shading Mode"},"sceneLighting":true,"audioPlay":false,"sceneViewState":{"showFog":true,"showMaterialUpdate":false,"showSkybox":true,"showFlares":true,"showImageEffects":true,"showParticleSystems":true},"in2DMode":false,"pivot":{"x":-0.627285361289978,"y":1.2018524408340455,"z":-5.960464477539063e-8},"rotation":{"x":-0.26612144708633425,"y":-0.01445811614394188,"z":0.003992002923041582,"w":-0.9638229012489319},"size":3.422492742538452,"orthographic":true}