{"cameraMode":{"drawMode":0,"name":"Shaded","section":"Shading Mode"},"sceneLighting":false,"audioPlay":false,"sceneViewState":{"showFog":true,"showMaterialUpdate":false,"showSkybox":false,"showFlares":true,"showImageEffects":true,"showParticleSystems":true},"in2DMode":false,"pivot":{"x":2.759999990463257,"y":8.280000686645508,"z":0.0},"rotation":{"x":-0.000044492036977317184,"y":-0.9999408721923828,"z":-0.0044997939839959148,"w":0.009897926822304726},"size":16.335866928100587,"orthographic":true}